-- phpMyAdmin SQL Dump
-- version 4.2.1
-- http://www.phpmyadmin.net
--
-- Host: localhost
-- Generation Time: Aug 28, 2014 at 12:41 PM
-- Server version: 5.5.34
-- PHP Version: 5.5.9

SET SQL_MODE = "NO_AUTO_VALUE_ON_ZERO";
SET time_zone = "+00:00";


/*!40101 SET @OLD_CHARACTER_SET_CLIENT=@@CHARACTER_SET_CLIENT */;
/*!40101 SET @OLD_CHARACTER_SET_RESULTS=@@CHARACTER_SET_RESULTS */;
/*!40101 SET @OLD_COLLATION_CONNECTION=@@COLLATION_CONNECTION */;
/*!40101 SET NAMES utf8 */;

--
-- Database: `elite_trader`
--

-- --------------------------------------------------------

--
-- Table structure for table `craft`
--

CREATE TABLE IF NOT EXISTS `craft` (
`id` int(11) unsigned NOT NULL,
  `name` varchar(255) NOT NULL,
  `description` text,
  `cargo` int(11) unsigned DEFAULT NULL,
  `speed` int(11) unsigned DEFAULT NULL,
  `range_min` decimal(10,2) unsigned DEFAULT NULL,
  `range_max` decimal(10,2) unsigned DEFAULT NULL,
  `data_json` text,
  `trader_id` int(10) unsigned DEFAULT NULL,
  `ts` timestamp NOT NULL DEFAULT CURRENT_TIMESTAMP ON UPDATE CURRENT_TIMESTAMP
) ENGINE=InnoDB  DEFAULT CHARSET=utf8 AUTO_INCREMENT=8 ;

--
-- Dumping data for table `craft`
--

INSERT INTO `craft` (`id`, `name`, `description`, `cargo`, `speed`, `range_min`, `range_max`, `data_json`, `trader_id`, `ts`) VALUES
(1, 'Eagle Mk. II', '', 0, 0, NULL, NULL, NULL, NULL, '2014-08-27 16:08:24'),
(2, 'Viper Mk. III', '', 8, 320, NULL, NULL, NULL, NULL, '2014-08-27 16:09:28'),
(3, 'Zorgon Peterson Hauler', '', 0, 0, NULL, NULL, NULL, NULL, '2014-08-27 16:09:41'),
(4, 'Sidewinder Mk. I', '', 0, 0, NULL, NULL, NULL, NULL, '2014-08-27 16:10:51'),
(5, 'Cobra Mk. III', '', 0, 0, NULL, NULL, NULL, NULL, '2014-08-27 16:11:23'),
(6, 'Lakon Type 6', '', 0, 0, NULL, NULL, NULL, NULL, '2014-08-27 16:11:38'),
(7, 'Lakon Type 9', '', 0, 0, NULL, NULL, NULL, NULL, '2014-08-27 16:13:30');

-- --------------------------------------------------------

--
-- Table structure for table `craft_locations`
--

CREATE TABLE IF NOT EXISTS `craft_locations` (
  `craft_id` int(10) unsigned NOT NULL,
  `location_id` int(10) unsigned NOT NULL,
  `price_buy` decimal(10,2) unsigned DEFAULT NULL,
  `price_sell` decimal(10,2) unsigned DEFAULT NULL,
  `trader_id` int(10) unsigned DEFAULT NULL,
  `ts` timestamp NOT NULL DEFAULT CURRENT_TIMESTAMP ON UPDATE CURRENT_TIMESTAMP
) ENGINE=InnoDB DEFAULT CHARSET=utf8;

--
-- Dumping data for table `craft_locations`
--

INSERT INTO `craft_locations` (`craft_id`, `location_id`, `price_buy`, `price_sell`) VALUES
(1, 2, 0.00, 1.00),
(1, 3, 0.00, 1.00),
(1, 5, 0.00, 1.00),
(2, 1, 0.00, 1.00),
(2, 3, 0.00, 1.00),
(2, 5, 0.00, 1.00),
(3, 3, 0.00, 1.00),
(3, 5, 0.00, 1.00),
(4, 2, 0.00, 1.00),
(5, 1, 0.00, 1.00),
(5, 5, 0.00, 1.00),
(6, 1, 0.00, 1.00),
(6, 5, 0.00, 1.00),
(7, 1, 0.00, 1.00);

-- --------------------------------------------------------

--
-- Table structure for table `craft_traders`
--

CREATE TABLE IF NOT EXISTS `craft_traders` (
  `craft_id` int(10) unsigned NOT NULL,
  `trader_id` int(10) unsigned NOT NULL,
  `ts` timestamp NOT NULL DEFAULT CURRENT_TIMESTAMP ON UPDATE CURRENT_TIMESTAMP
) ENGINE=InnoDB DEFAULT CHARSET=utf8;

-- --------------------------------------------------------

--
-- Table structure for table `goods`
--

CREATE TABLE IF NOT EXISTS `goods` (
`id` int(11) unsigned NOT NULL,
  `name` varchar(255) NOT NULL,
  `description` varchar(1024) DEFAULT NULL,
  `trader_id` int(10) unsigned DEFAULT NULL,
  `ts` timestamp NOT NULL DEFAULT CURRENT_TIMESTAMP ON UPDATE CURRENT_TIMESTAMP
) ENGINE=InnoDB  DEFAULT CHARSET=utf8 AUTO_INCREMENT=140 ;

--
-- Dumping data for table `goods`
--

INSERT INTO `goods` (`id`, `name`, `description`, `trader_id`, `ts`) VALUES
(50, 'Agri-Medicines', NULL, NULL, '0000-00-00 00:00:00'),
(51, 'Algae', NULL, NULL, '0000-00-00 00:00:00'),
(52, 'Animal Meat', NULL, NULL, '0000-00-00 00:00:00'),
(53, 'Animal Monitors', NULL, NULL, '0000-00-00 00:00:00'),
(54, 'Aquaponic Systems', NULL, NULL, '0000-00-00 00:00:00'),
(55, 'Auto-Fabricators', NULL, NULL, '0000-00-00 00:00:00'),
(56, 'Basic Meds', NULL, NULL, '0000-00-00 00:00:00'),
(57, 'Bertrandite', NULL, NULL, '0000-00-00 00:00:00'),
(58, 'Biowaste', NULL, NULL, '0000-00-00 00:00:00'),
(59, 'Clothing', NULL, NULL, '0000-00-00 00:00:00'),
(60, 'Cobalt', NULL, NULL, '0000-00-00 00:00:00'),
(61, 'Coffee', NULL, NULL, '0000-00-00 00:00:00'),
(62, 'Coltan', NULL, NULL, '0000-00-00 00:00:00'),
(63, 'Computer Components', NULL, NULL, '0000-00-00 00:00:00'),
(64, 'Consumer Technology', NULL, NULL, '0000-00-00 00:00:00'),
(65, 'Cotton', NULL, NULL, '0000-00-00 00:00:00'),
(66, 'Crop Harvesters', NULL, NULL, '0000-00-00 00:00:00'),
(67, 'Dom. Appliances', NULL, NULL, '0000-00-00 00:00:00'),
(68, 'Energy Drinks', NULL, NULL, '0000-00-00 00:00:00'),
(69, 'Fish', NULL, NULL, '0000-00-00 00:00:00'),
(70, 'Food Cartridges', NULL, NULL, '0000-00-00 00:00:00'),
(71, 'Fruit and Vegetables', NULL, NULL, '0000-00-00 00:00:00'),
(72, 'Gold', NULL, NULL, '0000-00-00 00:00:00'),
(73, 'Grain', NULL, NULL, '0000-00-00 00:00:00'),
(74, 'Hydrogen Fuels', NULL, NULL, '0000-00-00 00:00:00'),
(75, 'Leather', NULL, NULL, '0000-00-00 00:00:00'),
(76, 'Liquors', NULL, NULL, '0000-00-00 00:00:00'),
(77, 'Lithium', NULL, NULL, '0000-00-00 00:00:00'),
(78, 'Marine Supplies', NULL, NULL, '0000-00-00 00:00:00'),
(79, 'Mineral Extractors', NULL, NULL, '0000-00-00 00:00:00'),
(80, 'Mineral Oil', NULL, NULL, '0000-00-00 00:00:00'),
(81, 'Non-lethal wpns', NULL, NULL, '0000-00-00 00:00:00'),
(82, 'Palladium', NULL, NULL, '0000-00-00 00:00:00'),
(83, 'Performance Enhancers', NULL, NULL, '0000-00-00 00:00:00'),
(84, 'Personal Armour', NULL, NULL, '0000-00-00 00:00:00'),
(85, 'Personal Weapons', NULL, NULL, '0000-00-00 00:00:00'),
(86, 'Pesticides', NULL, NULL, '0000-00-00 00:00:00'),
(87, 'Plastics', NULL, NULL, '0000-00-00 00:00:00'),
(88, 'Progenitor Cells', NULL, NULL, '0000-00-00 00:00:00'),
(89, 'Reactive armor', NULL, NULL, '0000-00-00 00:00:00'),
(90, 'Resonating Separators', NULL, NULL, '0000-00-00 00:00:00'),
(91, 'Robotics', NULL, NULL, '0000-00-00 00:00:00'),
(92, 'Superconductors', NULL, NULL, '0000-00-00 00:00:00'),
(93, 'Synthetic meat', NULL, NULL, '0000-00-00 00:00:00'),
(94, 'Tantalum', NULL, NULL, '0000-00-00 00:00:00'),
(95, 'Tea', NULL, NULL, '0000-00-00 00:00:00'),
(96, 'Terrain Enrichment Sys. ', NULL, NULL, '0000-00-00 00:00:00'),
(97, 'Tobacco', NULL, NULL, '0000-00-00 00:00:00'),
(98, 'Wine', NULL, NULL, '0000-00-00 00:00:00'),
(103, 'Hel-static furnaces', '', NULL, '0000-00-00 00:00:00'),
(104, 'Scrap', '', NULL, '0000-00-00 00:00:00'),
(105, 'Beer', '', NULL, '0000-00-00 00:00:00'),
(106, 'Uranium', '', NULL, '0000-00-00 00:00:00'),
(107, 'Indium', '', NULL, '0000-00-00 00:00:00'),
(108, 'Silver', '', NULL, '0000-00-00 00:00:00'),
(109, 'Rutile', '', NULL, '0000-00-00 00:00:00'),
(110, 'Beryllium', '', NULL, '0000-00-00 00:00:00'),
(111, 'Gallite', '', NULL, '0000-00-00 00:00:00'),
(112, 'Gallium', '', NULL, '0000-00-00 00:00:00'),
(113, 'Advanced catalyers', '', NULL, '0000-00-00 00:00:00'),
(114, 'H.E. suits', '', NULL, '0000-00-00 00:00:00'),
(115, 'Explosives', '', NULL, '0000-00-00 00:00:00'),
(116, 'Narcotics', '', NULL, '0000-00-00 00:00:00'),
(117, 'Bauxite', '', NULL, '0000-00-00 00:00:00'),
(118, 'Bioreducing lichen', '', NULL, '0000-00-00 00:00:00'),
(119, 'Polymers', '', NULL, '0000-00-00 00:00:00'),
(120, 'Combat Stabilisers', '', NULL, '0000-00-00 00:00:00'),
(121, 'Titanium', '', NULL, '0000-00-00 00:00:00'),
(122, 'Aluminium', '', NULL, '0000-00-00 00:00:00'),
(123, 'Indite', '', NULL, '0000-00-00 00:00:00'),
(124, 'Uraninite', '', NULL, '0000-00-00 00:00:00'),
(125, 'Lepidolite', '', NULL, '0000-00-00 00:00:00'),
(128, 'Semiconductors', '', NULL, '0000-00-00 00:00:00'),
(129, 'Copper', '', NULL, '0000-00-00 00:00:00'),
(130, 'Natural fabrics', '', NULL, '0000-00-00 00:00:00'),
(131, 'Synthetic fabrics', '', NULL, '0000-00-00 00:00:00'),
(133, '- C2 Burst Laser', '4t, 65 Power', NULL, '2014-08-25 18:14:36'),
(134, '- C2 Pulse Laser', '4t, 39 power', NULL, '2014-08-25 18:15:15'),
(135, '- C1 Pulse Laser (G)', '4t, 39 Power', NULL, '2014-08-25 18:18:22'),
(136, '- C2 Missile Rack', '4t, 60 Power', NULL, '2014-08-25 18:37:59'),
(137, '- C4 Pulse Laser', '9t, 60 Power', NULL, '2014-08-25 18:39:03'),
(138, '- C2 Cannon', '4t, 34 power', NULL, '2014-08-28 10:39:03'),
(139, '- Chaff Launcher', '1.3t, 20 Power', NULL, '2014-08-28 10:39:03');

-- --------------------------------------------------------

--
-- Table structure for table `locations`
--

CREATE TABLE IF NOT EXISTS `locations` (
`id` int(10) unsigned NOT NULL,
  `name` varchar(255) NOT NULL,
  `description` varchar(1024) DEFAULT NULL,
  `trader_id` int(10) unsigned DEFAULT NULL,
  `ts` timestamp NOT NULL DEFAULT CURRENT_TIMESTAMP ON UPDATE CURRENT_TIMESTAMP
) ENGINE=InnoDB  DEFAULT CHARSET=utf8 AUTO_INCREMENT=36 ;

--
-- Dumping data for table `locations`
--

INSERT INTO `locations` (`id`, `name`, `description`, `trader_id`, `ts`) VALUES
(1, 'I Bootis - Chango Dock', 'Federation jurisdiction, marine agriculture & machines', NULL, '0000-00-00 00:00:00'),
(2, 'Eranin - Azeban City', 'Agriculture, Eranin jurisdiction', NULL, '0000-00-00 00:00:00'),
(3, 'Asellus Prime - Beagle 2 Landing', 'High tech', NULL, '0000-00-00 00:00:00'),
(4, 'LP 98-132 - Freeport', 'Anarchy, mining', NULL, '0000-00-00 00:00:00'),
(5, 'Aulin - Aulin Enterprise', 'Federation jurisdiction', NULL, '0000-00-00 00:00:00'),
(6, 'Dahan - Dahan Gateway', 'Mining', NULL, '0000-00-00 00:00:00'),
(7, 'Styx', '', NULL, '0000-00-00 00:00:00'),
(8, 'Opala - Romanenko Estate', 'Black market', NULL, '0000-00-00 00:00:00'),
(9, 'Morgor - Romanek''s folly', 'Anarchy, mining, black market', NULL, '0000-00-00 00:00:00'),
(10, 'Rakapila - Stone Enterprise', 'Fed, black market', NULL, '0000-00-00 00:00:00'),
(11, 'Chi Hercules', 'Agriculture, federation', NULL, '0000-00-00 00:00:00'),
(12, 'Ovid', 'Industrial, federation', NULL, '0000-00-00 00:00:00'),
(13, 'BD+47 2112  - Olivas Settlement', 'Fed', NULL, '0000-00-00 00:00:00'),
(14, 'LHS 3006 - WCM Transfer Orbital', 'Fed jurisdiction', NULL, '0000-00-00 00:00:00'),
(15, 'Keries', '', NULL, '0000-00-00 00:00:00'),
(16, 'LP 271-25', 'Nothing', NULL, '2014-08-28 10:39:48'),
(17, 'Magec', '', NULL, '2014-08-21 17:07:18'),
(18, 'Wyrd', '', NULL, '2014-08-21 21:50:44'),
(19, 'Lalande 29916', '', NULL, '2014-08-25 18:28:31'),
(20, 'Pi-Fang - Brooks Estate', 'Independent, rich', NULL, '2014-08-25 18:30:03'),
(21, 'Nakara - Novitski Oasis', 'Fed', NULL, '2014-08-25 18:52:03'),
(22, 'Ross 10', '', NULL, '2014-08-25 18:52:24'),
(23, 'LFT 1361', 'Nothing', NULL, '2014-08-25 18:52:51'),
(24, '26 Draconis', '', NULL, '2014-08-25 18:53:13'),
(25, 'H Draconis - Brislington', 'Black market', NULL, '2014-08-25 18:53:36'),
(27, 'CM Draco', '', NULL, '2014-08-25 18:56:26'),
(28, 'G 239-25', '', NULL, '2014-08-25 20:04:47'),
(29, 'DN Draconis', '', NULL, '2014-08-25 20:05:08'),
(30, 'Achihaut', '', NULL, '2014-08-25 20:06:07'),
(31, 'Nang Ta-Khian', '', NULL, '2014-08-25 20:07:01'),
(32, 'DP Draconis', '', NULL, '2014-08-25 20:07:45'),
(33, 'LHS 2887 - Massimino Dock', 'Fed, Black market', NULL, '2014-08-28 10:39:48'),
(34, 'Ross 1015', '', NULL, '2014-08-28 10:39:48'),
(35, 'Bolg', '', NULL, '2014-08-28 10:39:48');

-- --------------------------------------------------------

--
-- Table structure for table `prices`
--

CREATE TABLE IF NOT EXISTS `prices` (
  `good_id` int(10) unsigned NOT NULL,
  `location_id` int(10) unsigned NOT NULL,
  `price_buy` decimal(10,2) unsigned DEFAULT NULL,
  `price_sell` decimal(10,2) unsigned DEFAULT NULL,
  `trader_id` int(10) unsigned DEFAULT NULL,
  `ts` timestamp NOT NULL DEFAULT CURRENT_TIMESTAMP ON UPDATE CURRENT_TIMESTAMP
) ENGINE=InnoDB DEFAULT CHARSET=utf8 COMMENT='Commodity - Location relation';

--
-- Dumping data for table `prices`
--

INSERT INTO `prices` (`good_id`, `location_id`, `price_buy`, `price_sell`, `trader_id`, `ts`) VALUES
(50, 1, 1082.00, 0.00, NULL, '2014-08-18 17:59:44'),
(50, 2, 964.00, 0.00, NULL, '2014-08-20 17:32:09'),
(50, 3, 0.00, 0.00, NULL, '2014-08-08 08:02:57'),
(50, 4, 0.00, 0.00, NULL, '2014-08-08 08:02:57'),
(50, 5, 624.00, 653.00, NULL, '2014-08-20 17:19:05'),
(50, 8, 1077.00, 0.00, NULL, '2014-08-24 21:23:50'),
(50, 20, 1084.00, 0.00, NULL, '2014-08-25 18:48:35'),
(51, 1, 10.00, 15.00, NULL, '2014-08-20 18:03:35'),
(51, 2, 0.00, 0.00, NULL, '2014-08-08 12:38:32'),
(51, 3, 0.00, 0.00, NULL, '2014-08-08 08:02:57'),
(51, 4, 0.00, 0.00, NULL, '2014-08-08 08:02:57'),
(51, 8, 10.00, 16.00, NULL, '2014-08-24 21:21:58'),
(51, 10, 95.00, 0.00, NULL, '2014-08-24 20:59:55'),
(51, 25, 95.00, 0.00, NULL, '2014-08-25 19:23:28'),
(52, 1, 1395.00, 0.00, NULL, '2014-08-14 18:18:47'),
(52, 2, 1067.00, 1114.00, NULL, '2014-08-20 17:31:27'),
(52, 3, 1231.00, 0.00, NULL, '2014-08-19 17:58:19'),
(52, 4, 1239.00, 0.00, NULL, '2014-08-24 22:08:23'),
(52, 5, 1226.00, 0.00, NULL, '2014-08-24 20:39:11'),
(52, 6, 1235.00, 0.00, NULL, '2014-08-20 20:03:43'),
(52, 8, 1366.00, 0.00, NULL, '2014-08-24 21:23:50'),
(52, 9, 1401.00, 0.00, NULL, '2014-08-19 18:28:14'),
(52, 10, 1370.00, 0.00, NULL, '2014-08-24 20:59:20'),
(52, 13, 1235.00, 0.00, NULL, '2014-08-21 22:03:55'),
(52, 14, 1246.00, 0.00, NULL, '2014-08-20 19:41:21'),
(52, 20, 1383.00, 0.00, NULL, '2014-08-25 18:46:18'),
(52, 21, 882.00, 923.00, NULL, '2014-08-25 19:49:57'),
(52, 25, 1390.00, 0.00, NULL, '2014-08-25 19:21:41'),
(53, 1, 288.00, 0.00, NULL, '2014-08-14 18:18:47'),
(53, 2, 289.00, 0.00, NULL, '2014-08-20 17:33:04'),
(53, 3, 150.00, 166.00, NULL, '2014-08-14 19:06:58'),
(53, 4, 0.00, 0.00, NULL, '2014-08-08 08:02:57'),
(53, 8, 289.00, 0.00, NULL, '2014-08-19 20:03:03'),
(53, 20, 289.00, 0.00, NULL, '2014-08-25 18:49:31'),
(54, 1, 258.00, 0.00, NULL, '2014-08-18 18:02:32'),
(54, 2, 0.00, 0.00, NULL, '2014-08-08 08:33:41'),
(54, 3, 129.00, 144.00, NULL, '2014-08-14 19:06:58'),
(54, 4, 0.00, 0.00, NULL, '2014-08-08 08:02:57'),
(54, 8, 259.00, 0.00, NULL, '2014-08-19 20:02:41'),
(54, 20, 258.00, 0.00, NULL, '2014-08-25 18:49:43'),
(55, 1, 3849.00, 0.00, NULL, '2014-08-20 18:03:35'),
(55, 2, 0.00, 0.00, NULL, '2014-08-08 08:33:41'),
(55, 3, 3088.00, 3165.00, NULL, '2014-08-20 17:49:06'),
(55, 4, 0.00, 0.00, NULL, '2014-08-08 08:02:57'),
(55, 10, 3941.00, 0.00, NULL, '2014-08-24 21:05:32'),
(55, 25, 3937.00, 0.00, NULL, '2014-08-25 19:28:36'),
(56, 1, 342.00, 0.00, NULL, '2014-08-18 18:00:03'),
(56, 2, 306.00, 0.00, NULL, '2014-08-20 17:32:09'),
(56, 3, 306.00, 0.00, NULL, '2014-08-14 19:01:30'),
(56, 4, 308.00, 0.00, NULL, '2014-08-14 19:34:52'),
(56, 5, 305.00, 0.00, NULL, '2014-08-18 20:03:58'),
(56, 6, 307.00, 0.00, NULL, '2014-08-20 20:03:43'),
(56, 8, 306.00, 0.00, NULL, '2014-08-19 20:01:45'),
(56, 9, 307.00, 0.00, NULL, '2014-08-19 18:29:30'),
(56, 10, 306.00, 0.00, NULL, '2014-08-24 21:01:01'),
(56, 13, 307.00, 0.00, NULL, '2014-08-21 22:06:17'),
(56, 14, 307.00, 0.00, NULL, '2014-08-20 19:43:37'),
(56, 20, 306.00, 0.00, NULL, '2014-08-25 18:48:07'),
(56, 25, 306.00, 0.00, NULL, '2014-08-25 19:24:37'),
(57, 1, 0.00, 0.00, NULL, '2014-08-08 08:33:28'),
(57, 2, 0.00, 0.00, NULL, '2014-08-08 08:33:41'),
(57, 3, 0.00, 0.00, NULL, '2014-08-08 08:02:57'),
(57, 4, 2034.00, 2088.00, NULL, '2014-08-24 22:08:24'),
(57, 6, 2400.00, 0.00, NULL, '2014-08-20 20:07:17'),
(57, 9, 1871.00, 1920.00, NULL, '2014-08-21 22:28:32'),
(57, 14, 1823.00, 1871.00, NULL, '2014-08-20 19:44:10'),
(58, 1, 67.00, 0.00, NULL, '2014-08-18 18:04:50'),
(58, 2, 68.00, 0.00, NULL, '2014-08-20 17:34:00'),
(58, 3, 11.00, 18.00, NULL, '2014-08-14 19:10:27'),
(58, 4, 0.00, 0.00, NULL, '2014-08-08 08:02:57'),
(58, 5, 11.00, 18.00, NULL, '2014-08-18 20:08:52'),
(58, 6, 11.00, 18.00, NULL, '2014-08-14 23:27:00'),
(58, 8, 68.00, 0.00, NULL, '2014-08-19 20:03:14'),
(58, 9, 12.00, 18.00, NULL, '2014-08-21 22:28:33'),
(58, 10, 11.00, 18.00, NULL, '2014-08-24 21:06:20'),
(58, 13, 12.00, 18.00, NULL, '2014-08-21 22:08:14'),
(58, 14, 11.00, 18.00, NULL, '2014-08-20 19:45:55'),
(58, 20, 68.00, 0.00, NULL, '2014-08-25 18:50:08'),
(58, 21, 68.00, 0.00, NULL, '2014-08-25 19:50:28'),
(58, 25, 11.00, 18.00, NULL, '2014-08-25 19:29:31'),
(58, 33, 11.00, 18.00, NULL, '2014-08-26 17:13:48'),
(59, 1, 116.00, 129.00, NULL, '2014-08-20 18:03:35'),
(59, 2, 263.00, 0.00, NULL, '2014-08-20 17:29:48'),
(59, 3, 264.00, 0.00, NULL, '2014-08-20 17:47:29'),
(59, 4, 308.00, 0.00, NULL, '2014-08-14 19:29:55'),
(59, 5, 251.00, 0.00, NULL, '2014-08-24 20:37:23'),
(59, 6, 253.00, 0.00, NULL, '2014-08-20 20:02:44'),
(59, 8, 304.00, 0.00, NULL, '2014-08-24 21:23:50'),
(59, 9, 307.00, 0.00, NULL, '2014-08-19 18:26:07'),
(59, 10, 116.00, 129.00, NULL, '2014-08-24 20:57:52'),
(59, 13, 253.00, 0.00, NULL, '2014-08-21 22:03:05'),
(59, 14, 307.00, 0.00, NULL, '2014-08-20 19:40:29'),
(59, 20, 306.00, 0.00, NULL, '2014-08-25 18:44:17'),
(59, 21, 306.00, 0.00, NULL, '2014-08-25 19:51:20'),
(59, 25, 116.00, 129.00, NULL, '2014-08-25 19:20:56'),
(60, 1, 0.00, 0.00, NULL, '2014-08-08 08:33:28'),
(60, 2, 0.00, 0.00, NULL, '2014-08-08 08:33:41'),
(60, 3, 746.00, 0.00, NULL, '2014-08-14 19:02:42'),
(60, 4, 0.00, 0.00, NULL, '2014-08-08 08:02:57'),
(60, 5, 726.00, 0.00, NULL, '2014-08-24 20:39:12'),
(60, 6, 502.00, 535.00, NULL, '2014-08-14 23:23:08'),
(60, 13, 486.00, 519.00, NULL, '2014-08-21 22:06:50'),
(61, 1, 1361.00, 0.00, NULL, '2014-08-19 19:44:58'),
(61, 2, 1067.00, 1114.00, NULL, '2014-08-20 17:31:27'),
(61, 3, 1231.00, 0.00, NULL, '2014-08-20 17:48:26'),
(61, 4, 1239.00, 0.00, NULL, '2014-08-14 18:42:50'),
(61, 5, 1226.00, 0.00, NULL, '2014-08-24 20:39:12'),
(61, 6, 1235.00, 0.00, NULL, '2014-08-20 20:03:43'),
(61, 8, 1397.00, 0.00, NULL, '2014-08-24 21:23:50'),
(61, 9, 1359.00, 0.00, NULL, '2014-08-19 18:28:48'),
(61, 10, 1400.00, 0.00, NULL, '2014-08-24 20:58:29'),
(61, 13, 1235.00, 0.00, NULL, '2014-08-21 22:03:41'),
(61, 14, 1302.00, 0.00, NULL, '2014-08-20 19:42:04'),
(61, 20, 1396.00, 0.00, NULL, '2014-08-25 18:45:26'),
(61, 25, 1398.00, 0.00, NULL, '2014-08-25 19:21:55'),
(62, 1, 0.00, 0.00, NULL, '2014-08-08 08:33:28'),
(62, 2, 0.00, 0.00, NULL, '2014-08-08 08:33:41'),
(62, 3, 940.00, 0.00, NULL, '2014-08-14 18:43:52'),
(62, 4, 1099.00, 1147.00, NULL, '2014-08-24 22:08:24'),
(62, 6, 1397.00, 0.00, NULL, '2014-08-20 20:07:17'),
(63, 1, 346.00, 371.00, NULL, '2014-08-14 18:22:41'),
(63, 2, 0.00, 0.00, NULL, '2014-08-08 08:33:41'),
(63, 3, 550.00, 0.00, NULL, '2014-08-14 19:06:59'),
(63, 4, 0.00, 0.00, NULL, '2014-08-08 08:02:57'),
(63, 5, 547.00, 0.00, NULL, '2014-08-18 20:08:28'),
(64, 1, 7090.00, 0.00, NULL, '2014-08-14 18:18:47'),
(64, 2, 6863.00, 0.00, NULL, '2014-08-20 17:29:48'),
(64, 3, 6595.00, 6671.00, NULL, '2014-08-20 17:47:29'),
(64, 4, 6588.00, 0.00, NULL, '2014-08-14 18:42:50'),
(64, 5, 6733.00, 0.00, NULL, '2014-08-18 20:01:54'),
(64, 6, 6566.00, 0.00, NULL, '2014-08-20 20:02:44'),
(64, 8, 7103.00, 0.00, NULL, '2014-08-24 21:23:50'),
(64, 9, 6553.00, 0.00, NULL, '2014-08-19 18:25:57'),
(64, 10, 6918.00, 0.00, NULL, '2014-08-24 20:57:38'),
(64, 13, 6566.00, 0.00, NULL, '2014-08-21 22:03:19'),
(64, 14, 6563.00, 0.00, NULL, '2014-08-20 19:40:46'),
(64, 20, 7070.00, 0.00, NULL, '2014-08-25 18:44:03'),
(64, 21, 7103.00, 0.00, NULL, '2014-08-25 19:49:23'),
(64, 25, 7080.00, 0.00, NULL, '2014-08-25 19:20:22'),
(65, 1, 0.00, 0.00, NULL, '2014-08-08 08:33:28'),
(65, 2, 0.00, 0.00, NULL, '2014-08-08 08:33:41'),
(65, 3, 0.00, 0.00, NULL, '2014-08-08 08:02:57'),
(65, 4, 0.00, 0.00, NULL, '2014-08-08 08:02:57'),
(66, 1, 1935.00, 1990.00, NULL, '2014-08-20 18:03:35'),
(66, 2, 2157.00, 0.00, NULL, '2014-08-20 17:32:09'),
(66, 3, 0.00, 0.00, NULL, '2014-08-08 08:02:57'),
(66, 4, 0.00, 0.00, NULL, '2014-08-08 08:02:57'),
(66, 8, 2337.00, 0.00, NULL, '2014-08-24 21:23:50'),
(66, 20, 2336.00, 0.00, NULL, '2014-08-25 18:47:23'),
(67, 1, 548.00, 0.00, NULL, '2014-08-18 17:56:49'),
(67, 2, 550.00, 0.00, NULL, '2014-08-20 17:29:48'),
(67, 3, 547.00, 0.00, NULL, '2014-08-20 17:47:29'),
(67, 4, 550.00, 0.00, NULL, '2014-08-14 19:31:00'),
(67, 5, 547.00, 0.00, NULL, '2014-08-24 20:37:23'),
(67, 6, 542.00, 0.00, NULL, '2014-08-20 20:02:44'),
(67, 8, 549.00, 0.00, NULL, '2014-08-24 21:23:50'),
(67, 9, 543.00, 0.00, NULL, '2014-08-19 18:25:44'),
(67, 10, 345.00, 369.00, NULL, '2014-08-24 20:57:25'),
(67, 13, 475.00, 0.00, NULL, '2014-08-21 22:02:52'),
(67, 14, 551.00, 0.00, NULL, '2014-08-20 19:40:19'),
(67, 20, 548.00, 0.00, NULL, '2014-08-25 18:44:32'),
(67, 21, 547.00, 0.00, NULL, '2014-08-25 19:51:08'),
(67, 25, 293.00, 314.00, NULL, '2014-08-25 19:20:08'),
(68, 1, 0.00, 0.00, NULL, '2014-08-08 08:33:28'),
(68, 2, 0.00, 0.00, NULL, '2014-08-08 08:33:41'),
(68, 3, 0.00, 0.00, NULL, '2014-08-08 08:02:57'),
(68, 4, 0.00, 0.00, NULL, '2014-08-08 08:02:57'),
(69, 1, 449.00, 485.00, NULL, '2014-08-20 18:03:35'),
(69, 2, 645.00, 0.00, NULL, '2014-08-20 17:31:27'),
(69, 3, 645.00, 0.00, NULL, '2014-08-14 19:00:24'),
(69, 4, 650.00, 0.00, NULL, '2014-08-14 19:33:51'),
(69, 5, 643.00, 0.00, NULL, '2014-08-20 17:18:00'),
(69, 6, 647.00, 0.00, NULL, '2014-08-20 20:07:17'),
(69, 8, 444.00, 480.00, NULL, '2014-08-24 21:21:24'),
(69, 9, 646.00, 0.00, NULL, '2014-08-19 18:28:03'),
(69, 10, 649.00, 0.00, NULL, '2014-08-24 20:59:34'),
(69, 13, 647.00, 0.00, NULL, '2014-08-21 22:05:40'),
(69, 14, 647.00, 0.00, NULL, '2014-08-20 19:42:26'),
(69, 20, 771.00, 0.00, NULL, '2014-08-25 18:45:37'),
(69, 25, 772.00, 0.00, NULL, '2014-08-25 19:22:52'),
(70, 1, 13.00, 19.00, NULL, '2014-08-20 18:03:35'),
(70, 2, 0.00, 0.00, NULL, '2014-08-08 08:33:41'),
(70, 3, 102.00, 0.00, NULL, '2014-08-14 18:43:53'),
(70, 4, 103.00, 0.00, NULL, '2014-08-14 18:42:50'),
(70, 6, 103.00, 0.00, NULL, '2014-08-14 23:19:20'),
(70, 9, 102.00, 0.00, NULL, '2014-08-19 18:27:51'),
(70, 10, 102.00, 0.00, NULL, '2014-08-24 20:59:08'),
(70, 13, 103.00, 0.00, NULL, '2014-08-21 22:05:28'),
(70, 14, 103.00, 0.00, NULL, '2014-08-20 19:42:39'),
(70, 25, 102.00, 0.00, NULL, '2014-08-25 19:22:39'),
(71, 1, 305.00, 0.00, NULL, '2014-08-14 18:18:47'),
(71, 2, 165.00, 183.00, NULL, '2014-08-20 17:31:27'),
(71, 3, 282.00, 0.00, NULL, '2014-08-20 17:48:26'),
(71, 4, 275.00, 0.00, NULL, '2014-08-14 19:33:22'),
(71, 5, 305.00, 0.00, NULL, '2014-08-18 20:03:18'),
(71, 6, 307.00, 0.00, NULL, '2014-08-14 23:19:34'),
(71, 8, 306.00, 0.00, NULL, '2014-08-19 19:59:21'),
(71, 9, 307.00, 0.00, NULL, '2014-08-19 18:28:37'),
(71, 10, 306.00, 0.00, NULL, '2014-08-24 20:59:46'),
(71, 13, 307.00, 0.00, NULL, '2014-08-21 22:05:14'),
(71, 14, 301.00, 0.00, NULL, '2014-08-20 19:41:33'),
(71, 20, 116.00, 130.00, NULL, '2014-08-25 18:46:50'),
(71, 25, 306.00, 0.00, NULL, '2014-08-25 19:23:19'),
(72, 1, 9862.00, 0.00, NULL, '2014-08-14 18:18:47'),
(72, 2, 0.00, 0.00, NULL, '2014-08-08 08:33:41'),
(72, 3, 9525.00, 0.00, NULL, '2014-08-14 19:02:29'),
(72, 4, 9192.00, 9295.00, NULL, '2014-08-24 22:08:24'),
(72, 5, 9857.00, 0.00, NULL, '2014-08-18 20:05:03'),
(72, 10, 9438.00, 0.00, NULL, '2014-08-24 21:02:53'),
(72, 20, 9207.00, 0.00, NULL, '2014-08-25 18:48:52'),
(72, 25, 9317.00, 0.00, NULL, '2014-08-25 19:25:35'),
(73, 1, 180.00, 0.00, NULL, '2014-08-10 19:44:40'),
(73, 2, 71.00, 83.00, NULL, '2014-08-20 17:34:36'),
(73, 3, 180.00, 0.00, NULL, '2014-08-20 17:48:26'),
(73, 4, 182.00, 0.00, NULL, '2014-08-14 19:33:37'),
(73, 5, 180.00, 0.00, NULL, '2014-08-20 17:18:00'),
(73, 6, 181.00, 0.00, NULL, '2014-08-14 23:20:26'),
(73, 8, 71.00, 84.00, NULL, '2014-08-24 21:21:58'),
(73, 9, 181.00, 0.00, NULL, '2014-08-19 18:28:27'),
(73, 10, 180.00, 0.00, NULL, '2014-08-24 20:58:18'),
(73, 13, 181.00, 0.00, NULL, '2014-08-21 22:04:21'),
(73, 14, 181.00, 0.00, NULL, '2014-08-20 19:41:52'),
(73, 20, 51.00, 60.00, NULL, '2014-08-25 18:46:34'),
(73, 21, 61.00, 72.00, NULL, '2014-08-25 19:49:41'),
(73, 25, 180.00, 0.00, NULL, '2014-08-25 19:23:04'),
(74, 1, 58.00, 0.00, NULL, '2014-08-18 17:55:44'),
(74, 2, 56.00, 0.00, NULL, '2014-08-20 17:29:14'),
(74, 3, 56.00, 0.00, NULL, '2014-08-20 17:47:29'),
(74, 4, 71.00, 72.00, NULL, '2014-08-24 22:08:24'),
(74, 5, 56.00, 0.00, NULL, '2014-08-24 20:37:23'),
(74, 6, 80.00, 81.00, NULL, '2014-08-20 20:02:44'),
(74, 8, 56.00, 0.00, NULL, '2014-08-19 19:57:35'),
(74, 9, 80.00, 81.00, NULL, '2014-08-19 18:24:18'),
(74, 10, 62.00, 0.00, NULL, '2014-08-24 20:57:04'),
(74, 13, 80.00, 81.00, NULL, '2014-08-21 22:02:37'),
(74, 14, 80.00, 81.00, NULL, '2014-08-20 19:39:50'),
(74, 20, 58.00, 0.00, NULL, '2014-08-25 18:43:34'),
(74, 21, 56.00, 0.00, NULL, '2014-08-25 19:50:53'),
(74, 25, 62.00, 0.00, NULL, '2014-08-25 19:19:22'),
(74, 33, 81.00, 81.00, NULL, '2014-08-26 17:10:24'),
(75, 1, 142.00, 0.00, NULL, '2014-08-18 18:03:53'),
(75, 2, 46.00, 58.00, NULL, '2014-08-20 17:33:47'),
(75, 3, 0.00, 0.00, NULL, '2014-08-08 08:02:57'),
(75, 4, 0.00, 0.00, NULL, '2014-08-08 08:02:57'),
(75, 10, 143.00, 0.00, NULL, '2014-08-24 21:06:07'),
(75, 21, 38.00, 48.00, NULL, '2014-08-25 19:50:17'),
(75, 25, 142.00, 0.00, NULL, '2014-08-25 19:28:50'),
(76, 1, 0.00, 0.00, NULL, '2014-08-08 08:33:28'),
(76, 2, 659.00, 0.00, NULL, '2014-08-20 17:30:21'),
(76, 3, 0.00, 0.00, NULL, '2014-08-08 08:02:57'),
(76, 4, 664.00, 0.00, NULL, '2014-08-14 19:32:26'),
(76, 9, 660.00, 0.00, NULL, '2014-08-19 18:26:32'),
(77, 1, 1690.00, 0.00, NULL, '2014-08-14 18:18:47'),
(77, 2, 0.00, 0.00, NULL, '2014-08-08 08:33:41'),
(77, 3, 1696.00, 0.00, NULL, '2014-08-14 19:04:06'),
(77, 4, 0.00, 0.00, NULL, '2014-08-08 08:02:57'),
(77, 5, 1689.00, 0.00, NULL, '2014-08-18 20:05:25'),
(77, 10, 1696.00, 0.00, NULL, '2014-08-24 21:03:11'),
(77, 25, 1695.00, 0.00, NULL, '2014-08-25 19:26:06'),
(77, 33, 1328.00, 1385.00, NULL, '2014-08-26 17:12:06'),
(78, 1, 4476.00, 0.00, NULL, '2014-08-14 18:18:09'),
(78, 2, 0.00, 0.00, NULL, '2014-08-08 08:33:41'),
(78, 3, 0.00, 0.00, NULL, '2014-08-08 08:02:57'),
(78, 4, 0.00, 0.00, NULL, '2014-08-08 08:02:57'),
(78, 8, 4484.00, 0.00, NULL, '2014-08-19 20:01:35'),
(78, 20, 4481.00, 0.00, NULL, '2014-08-25 18:47:40'),
(79, 1, 393.00, 421.00, NULL, '2014-08-20 18:03:35'),
(79, 2, 0.00, 0.00, NULL, '2014-08-08 08:33:41'),
(79, 3, 0.00, 0.00, NULL, '2014-08-08 08:02:57'),
(79, 4, 624.00, 0.00, NULL, '2014-08-14 18:42:50'),
(79, 6, 530.00, 0.00, NULL, '2014-08-20 20:07:17'),
(79, 9, 621.00, 0.00, NULL, '2014-08-19 18:29:03'),
(79, 13, 600.00, 0.00, NULL, '2014-08-21 22:05:52'),
(79, 14, 619.00, 0.00, NULL, '2014-08-20 19:42:57'),
(80, 1, 50.00, 60.00, NULL, '2014-08-20 18:03:35'),
(80, 2, 62.00, 73.00, NULL, '2014-08-20 17:29:14'),
(80, 3, 0.00, 0.00, NULL, '2014-08-08 08:02:57'),
(80, 4, 0.00, 0.00, NULL, '2014-08-08 08:02:57'),
(80, 6, 164.00, 0.00, NULL, '2014-08-20 20:02:44'),
(80, 20, 41.00, 49.00, NULL, '2014-08-25 18:43:20'),
(80, 33, 164.00, 0.00, NULL, '2014-08-26 17:10:35'),
(81, 1, 0.00, 0.00, NULL, '2014-08-08 08:33:28'),
(81, 2, 0.00, 0.00, NULL, '2014-08-08 08:33:41'),
(81, 3, 1787.00, 0.00, NULL, '2014-08-14 18:43:53'),
(81, 4, 1942.00, 0.00, NULL, '2014-08-14 18:42:50'),
(81, 6, 1936.00, 0.00, NULL, '2014-08-14 23:27:21'),
(81, 13, 1935.00, 0.00, NULL, '2014-08-21 22:08:30'),
(81, 14, 1719.00, 0.00, NULL, '2014-08-20 19:46:08'),
(82, 1, 0.00, 0.00, NULL, '2014-08-08 08:33:28'),
(82, 2, 0.00, 0.00, NULL, '2014-08-08 08:33:41'),
(82, 3, 13696.00, 0.00, NULL, '2014-08-14 19:02:29'),
(82, 4, 0.00, 0.00, NULL, '2014-08-08 08:02:57'),
(82, 5, 13676.00, 0.00, NULL, '2014-08-18 20:05:40'),
(83, 1, 7090.00, 0.00, NULL, '2014-08-14 18:18:09'),
(83, 2, 7115.00, 0.00, NULL, '2014-08-20 17:32:09'),
(83, 3, 7116.00, 0.00, NULL, '2014-08-14 18:43:53'),
(83, 4, 6588.00, 0.00, NULL, '2014-08-24 22:08:52'),
(83, 5, 6508.00, 6587.00, NULL, '2014-08-18 20:04:48'),
(83, 6, 7137.00, 0.00, NULL, '2014-08-20 20:04:49'),
(83, 8, 7103.00, 0.00, NULL, '2014-08-24 21:23:50'),
(83, 9, 7022.00, 0.00, NULL, '2014-08-19 18:29:18'),
(83, 10, 7116.00, 0.00, NULL, '2014-08-24 21:01:14'),
(83, 13, 7137.00, 0.00, NULL, '2014-08-21 22:06:07'),
(83, 14, 7134.00, 0.00, NULL, '2014-08-20 19:43:25'),
(83, 20, 7099.00, 0.00, NULL, '2014-08-25 18:48:24'),
(83, 25, 7109.00, 0.00, NULL, '2014-08-25 19:24:48'),
(84, 1, 0.00, 0.00, NULL, '2014-08-08 08:33:28'),
(84, 2, 0.00, 0.00, NULL, '2014-08-08 08:33:41'),
(84, 3, 0.00, 0.00, NULL, '2014-08-08 08:02:57'),
(84, 4, 0.00, 0.00, NULL, '2014-08-08 08:02:57'),
(85, 1, 0.00, 0.00, NULL, '2014-08-08 08:33:28'),
(85, 2, 4248.00, 0.00, NULL, '2014-08-20 17:34:19'),
(85, 3, 3966.00, 4064.00, NULL, '2014-08-20 17:50:19'),
(85, 4, 4115.00, 0.00, NULL, '2014-08-24 22:09:06'),
(85, 9, 4291.00, 0.00, NULL, '2014-08-19 18:31:12'),
(85, 20, 4481.00, 0.00, NULL, '2014-08-25 18:50:23'),
(85, 25, 4488.00, 0.00, NULL, '2014-08-25 19:30:09'),
(86, 1, 198.00, 0.00, NULL, '2014-08-18 17:56:02'),
(86, 2, 199.00, 0.00, NULL, '2014-08-20 17:29:14'),
(86, 3, 0.00, 0.00, NULL, '2014-08-08 08:02:57'),
(86, 4, 0.00, 0.00, NULL, '2014-08-08 08:02:57'),
(86, 5, 83.00, 97.00, NULL, '2014-08-24 20:37:23'),
(86, 8, 199.00, 0.00, NULL, '2014-08-19 19:58:10'),
(86, 20, 199.00, 0.00, NULL, '2014-08-25 18:43:48'),
(86, 21, 199.00, 0.00, NULL, '2014-08-25 19:49:10'),
(87, 1, 0.00, 0.00, NULL, '2014-08-08 08:33:28'),
(87, 2, 0.00, 0.00, NULL, '2014-08-08 08:33:41'),
(87, 3, 0.00, 0.00, NULL, '2014-08-08 08:02:57'),
(87, 4, 0.00, 0.00, NULL, '2014-08-08 08:02:57'),
(88, 1, 7090.00, 0.00, NULL, '2014-08-14 18:18:47'),
(88, 2, 7115.00, 0.00, NULL, '2014-08-20 17:33:04'),
(88, 3, 7116.00, 0.00, NULL, '2014-08-14 19:01:54'),
(88, 4, 0.00, 0.00, NULL, '2014-08-08 08:02:57'),
(88, 5, 6498.00, 6577.00, NULL, '2014-08-18 20:04:17'),
(88, 8, 7103.00, 0.00, NULL, '2014-08-24 21:23:50'),
(88, 10, 7089.00, 0.00, NULL, '2014-08-24 21:01:32'),
(88, 13, 6965.00, 0.00, NULL, '2014-08-21 22:06:32'),
(88, 14, 7134.00, 0.00, NULL, '2014-08-20 19:43:12'),
(88, 20, 7099.00, 0.00, NULL, '2014-08-25 18:47:54'),
(88, 25, 7109.00, 0.00, NULL, '2014-08-25 19:25:01'),
(89, 1, 0.00, 0.00, NULL, '2014-08-08 08:33:28'),
(89, 2, 0.00, 0.00, NULL, '2014-08-08 08:33:41'),
(89, 3, 1958.00, 0.00, NULL, '2014-08-14 18:43:53'),
(89, 4, 2192.00, 0.00, NULL, '2014-08-14 19:37:49'),
(89, 6, 2202.00, 0.00, NULL, '2014-08-14 23:27:33'),
(89, 13, 2201.00, 0.00, NULL, '2014-08-21 22:08:41'),
(89, 14, 1963.00, 0.00, NULL, '2014-08-20 19:46:22'),
(90, 1, 0.00, 0.00, NULL, '2014-08-08 08:33:28'),
(90, 2, 0.00, 0.00, NULL, '2014-08-08 08:33:41'),
(90, 3, 5517.00, 5581.00, NULL, '2014-08-20 17:49:28'),
(90, 4, 0.00, 0.00, NULL, '2014-08-08 08:02:57'),
(90, 6, 5739.00, 0.00, NULL, '2014-08-20 20:07:17'),
(91, 1, 1922.00, 0.00, NULL, '2014-08-18 18:03:02'),
(91, 2, 0.00, 0.00, NULL, '2014-08-08 08:33:41'),
(91, 3, 1539.00, 1582.00, NULL, '2014-08-20 17:50:19'),
(91, 4, 0.00, 0.00, NULL, '2014-08-08 08:02:57'),
(91, 6, 0.00, 0.00, NULL, '2014-08-14 23:17:02'),
(91, 10, 1929.00, 0.00, NULL, '2014-08-24 21:05:19'),
(91, 25, 1927.00, 0.00, NULL, '2014-08-25 19:28:20'),
(92, 1, 7090.00, 0.00, NULL, '2014-08-14 18:18:47'),
(92, 2, 0.00, 0.00, NULL, '2014-08-08 08:33:41'),
(92, 3, 7116.00, 0.00, NULL, '2014-08-14 18:43:53'),
(92, 4, 0.00, 0.00, NULL, '2014-08-08 08:02:57'),
(92, 5, 7086.00, 0.00, NULL, '2014-08-18 20:03:34'),
(92, 10, 7116.00, 0.00, NULL, '2014-08-24 21:00:09'),
(92, 25, 7109.00, 0.00, NULL, '2014-08-25 19:23:43'),
(92, 33, 6709.00, 6786.00, NULL, '2014-08-26 17:11:16'),
(93, 1, 232.00, 0.00, NULL, '2014-08-14 18:18:47'),
(93, 2, 0.00, 0.00, NULL, '2014-08-08 08:33:41'),
(93, 3, 233.00, 0.00, NULL, '2014-08-14 18:43:53'),
(93, 4, 235.00, 0.00, NULL, '2014-08-14 19:33:07'),
(93, 5, 77.00, 0.00, NULL, '2014-08-18 20:02:53'),
(93, 6, 234.00, 0.00, NULL, '2014-08-20 20:03:43'),
(93, 9, 234.00, 0.00, NULL, '2014-08-19 18:27:39'),
(93, 10, 233.00, 0.00, NULL, '2014-08-24 20:58:56'),
(93, 13, 234.00, 0.00, NULL, '2014-08-21 22:04:39'),
(93, 14, 234.00, 0.00, NULL, '2014-08-20 19:42:17'),
(93, 20, 233.00, 0.00, NULL, '2014-08-25 18:45:14'),
(93, 25, 233.00, 0.00, NULL, '2014-08-25 19:22:24'),
(94, 1, 4192.00, 0.00, NULL, '2014-08-14 18:18:47'),
(94, 2, 0.00, 0.00, NULL, '2014-08-08 08:33:41'),
(94, 3, 4132.00, 0.00, NULL, '2014-08-18 19:29:49'),
(94, 4, 0.00, 0.00, NULL, '2014-08-08 08:02:57'),
(94, 5, 3960.00, 0.00, NULL, '2014-08-24 20:37:56'),
(94, 6, 3647.00, 3737.00, NULL, '2014-08-20 20:04:49'),
(94, 10, 4207.00, 0.00, NULL, '2014-08-24 21:01:49'),
(94, 25, 4204.00, 0.00, NULL, '2014-08-25 19:27:17'),
(94, 33, 3733.00, 3825.00, NULL, '2014-08-26 17:12:27'),
(95, 1, 1585.00, 0.00, NULL, '2014-08-18 17:55:18'),
(95, 2, 1243.00, 1297.00, NULL, '2014-08-20 17:31:27'),
(95, 3, 1405.00, 0.00, NULL, '2014-08-20 17:48:26'),
(95, 4, 1414.00, 0.00, NULL, '2014-08-14 18:42:50'),
(95, 5, 1399.00, 0.00, NULL, '2014-08-24 20:39:12'),
(95, 6, 1409.00, 0.00, NULL, '2014-08-20 20:03:43'),
(95, 8, 1588.00, 0.00, NULL, '2014-08-24 21:23:50'),
(95, 9, 1407.00, 0.00, NULL, '2014-08-19 18:27:28'),
(95, 10, 1515.00, 0.00, NULL, '2014-08-24 20:58:40'),
(95, 13, 1409.00, 0.00, NULL, '2014-08-21 22:04:50'),
(95, 14, 1485.00, 0.00, NULL, '2014-08-20 19:41:09'),
(95, 20, 1587.00, 0.00, NULL, '2014-08-25 18:47:02'),
(95, 25, 1589.00, 0.00, NULL, '2014-08-25 19:22:05'),
(96, 1, 4659.00, 0.00, NULL, '2014-08-18 18:02:49'),
(96, 2, 4675.00, 0.00, NULL, '2014-08-20 17:33:04'),
(96, 3, 4614.00, 4669.00, NULL, '2014-08-19 18:00:50'),
(96, 4, 0.00, 0.00, NULL, '2014-08-08 08:02:57'),
(96, 5, 3912.00, 3961.00, NULL, '2014-08-20 17:19:05'),
(96, 8, 4668.00, 0.00, NULL, '2014-08-24 21:21:58'),
(96, 20, 4665.00, 0.00, NULL, '2014-08-25 18:49:57'),
(97, 1, 0.00, 0.00, NULL, '2014-08-08 08:33:28'),
(97, 2, 4675.00, 0.00, NULL, '2014-08-20 17:30:08'),
(97, 3, 0.00, 0.00, NULL, '2014-08-08 08:02:57'),
(97, 4, 5158.00, 0.00, NULL, '2014-08-14 18:42:51'),
(97, 9, 4681.00, 0.00, NULL, '2014-08-19 18:27:04'),
(98, 1, 0.00, 0.00, NULL, '2014-08-08 08:33:28'),
(98, 2, 256.00, 0.00, NULL, '2014-08-20 17:30:21'),
(98, 3, 233.00, 0.00, NULL, '2014-08-20 17:48:26'),
(98, 4, 235.00, 0.00, NULL, '2014-08-14 19:31:42'),
(98, 9, 234.00, 0.00, NULL, '2014-08-19 18:27:15'),
(98, 20, 211.00, 0.00, NULL, '2014-08-25 18:44:56'),
(98, 25, 233.00, 0.00, NULL, '2014-08-25 19:21:18'),
(103, 1, 45.00, 53.00, NULL, '2014-08-20 18:03:35'),
(103, 6, 172.00, 0.00, NULL, '2014-08-14 23:21:08'),
(103, 10, 53.00, 54.00, NULL, '2014-08-24 21:00:49'),
(104, 1, 20.00, 25.00, NULL, '2014-08-20 18:03:49'),
(104, 3, 27.00, 34.00, NULL, '2014-08-14 19:10:44'),
(104, 5, 28.00, 35.00, NULL, '2014-08-18 20:09:05'),
(104, 6, 91.00, 0.00, NULL, '2014-08-14 23:27:09'),
(104, 10, 20.00, 24.00, NULL, '2014-08-24 21:06:32'),
(104, 25, 20.00, 24.00, NULL, '2014-08-25 19:29:53'),
(105, 1, 142.00, 0.00, NULL, '2014-08-18 17:57:01'),
(105, 2, 143.00, 0.00, NULL, '2014-08-20 17:30:08'),
(105, 3, 143.00, 0.00, NULL, '2014-08-20 17:47:29'),
(105, 4, 143.00, 0.00, NULL, '2014-08-14 19:32:03'),
(105, 5, 142.00, 0.00, NULL, '2014-08-18 20:02:03'),
(105, 6, 143.00, 0.00, NULL, '2014-08-20 20:03:43'),
(105, 8, 142.00, 0.00, NULL, '2014-08-19 19:58:56'),
(105, 9, 143.00, 0.00, NULL, '2014-08-19 18:26:17'),
(105, 10, 143.00, 0.00, NULL, '2014-08-24 20:58:04'),
(105, 13, 143.00, 0.00, NULL, '2014-08-21 22:03:29'),
(105, 14, 143.00, 0.00, NULL, '2014-08-20 19:40:59'),
(105, 20, 120.00, 0.00, NULL, '2014-08-25 18:44:45'),
(105, 21, 142.00, 0.00, NULL, '2014-08-25 19:51:35'),
(105, 25, 142.00, 0.00, NULL, '2014-08-25 19:21:08'),
(106, 1, 2834.00, 0.00, NULL, '2014-08-18 18:00:45'),
(106, 3, 2845.00, 0.00, NULL, '2014-08-14 19:03:08'),
(106, 5, 2833.00, 0.00, NULL, '2014-08-18 20:06:27'),
(106, 10, 2845.00, 0.00, NULL, '2014-08-24 21:04:21'),
(106, 25, 2842.00, 0.00, NULL, '2014-08-25 19:25:50'),
(107, 1, 6216.00, 0.00, NULL, '2014-08-18 18:01:46'),
(107, 3, 6179.00, 0.00, NULL, '2014-08-18 18:57:49'),
(107, 5, 5868.00, 0.00, NULL, '2014-08-24 20:38:15'),
(107, 6, 5751.00, 5819.00, NULL, '2014-08-20 20:04:49'),
(107, 10, 6238.00, 0.00, NULL, '2014-08-24 21:03:43'),
(107, 25, 6232.00, 0.00, NULL, '2014-08-25 19:26:33'),
(107, 33, 5756.00, 5823.00, NULL, '2014-08-26 17:12:47'),
(108, 3, 5121.00, 0.00, NULL, '2014-08-14 19:04:21'),
(108, 5, 5100.00, 0.00, NULL, '2014-08-18 20:05:12'),
(108, 20, 5109.00, 0.00, NULL, '2014-08-25 18:49:11'),
(109, 3, 324.00, 0.00, NULL, '2014-08-14 19:04:48'),
(109, 4, 147.00, 163.00, NULL, '2014-08-24 22:08:24'),
(109, 5, 323.00, 0.00, NULL, '2014-08-18 20:06:40'),
(109, 6, 325.00, 0.00, NULL, '2014-08-20 20:07:17'),
(110, 1, 8642.00, 0.00, NULL, '2014-08-18 18:02:13'),
(110, 3, 8673.00, 0.00, NULL, '2014-08-14 19:05:12'),
(110, 5, 8449.00, 0.00, NULL, '2014-08-18 20:07:26'),
(110, 10, 8673.00, 0.00, NULL, '2014-08-24 21:04:35'),
(110, 25, 8665.00, 0.00, NULL, '2014-08-25 19:27:34'),
(111, 3, 1905.00, 0.00, NULL, '2014-08-19 18:44:48'),
(111, 5, 1825.00, 0.00, NULL, '2014-08-24 20:36:43'),
(111, 6, 1838.00, 0.00, NULL, '2014-08-20 20:07:17'),
(111, 9, 1339.00, 1376.00, NULL, '2014-08-21 22:28:32'),
(111, 14, 1514.00, 1555.00, NULL, '2014-08-20 19:44:45'),
(112, 1, 5450.00, 0.00, NULL, '2014-08-18 18:02:00'),
(112, 3, 5470.00, 0.00, NULL, '2014-08-14 19:05:50'),
(112, 5, 5447.00, 0.00, NULL, '2014-08-18 20:06:54'),
(112, 10, 5470.00, 0.00, NULL, '2014-08-24 21:04:52'),
(112, 25, 5465.00, 0.00, NULL, '2014-08-25 19:27:48'),
(113, 3, 2214.00, 2271.00, NULL, '2014-08-19 18:00:26'),
(113, 5, 2247.00, 2306.00, NULL, '2014-08-18 20:08:03'),
(113, 6, 2742.00, 0.00, NULL, '2014-08-19 18:13:30'),
(113, 14, 2144.00, 2145.00, NULL, '2014-08-20 19:45:12'),
(114, 1, 258.00, 0.00, NULL, '2014-08-18 18:03:29'),
(114, 3, 103.00, 115.00, NULL, '2014-08-14 19:07:56'),
(114, 4, 261.00, 0.00, NULL, '2014-08-14 19:36:40'),
(114, 5, 128.00, 143.00, NULL, '2014-08-18 20:08:17'),
(114, 6, 259.00, 0.00, NULL, '2014-08-19 18:13:30'),
(114, 9, 259.00, 0.00, NULL, '2014-08-19 18:30:29'),
(114, 10, 259.00, 0.00, NULL, '2014-08-24 21:05:05'),
(114, 13, 260.00, 0.00, NULL, '2014-08-21 22:07:52'),
(114, 14, 260.00, 0.00, NULL, '2014-08-20 19:45:28'),
(114, 25, 259.00, 0.00, NULL, '2014-08-25 19:28:00'),
(115, 4, 291.00, 0.00, NULL, '2014-08-14 19:29:44'),
(115, 6, 145.00, 162.00, NULL, '2014-08-20 20:02:44'),
(115, 9, 289.00, 0.00, NULL, '2014-08-19 18:25:32'),
(115, 13, 290.00, 0.00, NULL, '2014-08-21 22:02:20'),
(115, 14, 290.00, 0.00, NULL, '2014-08-20 19:40:04'),
(115, 33, 150.00, 167.00, NULL, '2014-08-26 17:10:08'),
(116, 4, 144.00, 0.00, NULL, '2014-08-14 19:31:27'),
(116, 9, 134.00, 0.00, NULL, '2014-08-19 18:26:46'),
(117, 4, 19.00, 25.00, NULL, '2014-08-24 22:08:24'),
(117, 6, 113.00, 0.00, NULL, '2014-08-14 23:24:42'),
(117, 13, 30.00, 39.00, NULL, '2014-08-21 22:07:41'),
(117, 14, 29.00, 39.00, NULL, '2014-08-20 19:44:21'),
(118, 4, 1026.00, 0.00, NULL, '2014-08-14 19:37:04'),
(118, 5, 732.00, 766.00, NULL, '2014-08-18 20:08:40'),
(118, 6, 1016.00, 0.00, NULL, '2014-08-20 20:07:17'),
(118, 9, 1020.00, 0.00, NULL, '2014-08-19 18:30:41'),
(118, 13, 1022.00, 0.00, NULL, '2014-08-21 22:08:03'),
(118, 14, 1022.00, 0.00, NULL, '2014-08-20 19:45:41'),
(119, 1, 115.00, 0.00, NULL, '2014-08-18 17:58:44'),
(119, 6, 29.00, 39.00, NULL, '2014-08-14 23:20:53'),
(119, 10, 115.00, 0.00, NULL, '2014-08-24 21:00:37'),
(119, 25, 115.00, 0.00, NULL, '2014-08-25 19:24:19'),
(119, 33, 29.00, 39.00, NULL, '2014-08-26 17:10:56'),
(120, 5, 2122.00, 2179.00, NULL, '2014-08-18 20:04:31'),
(120, 6, 2742.00, 0.00, NULL, '2014-08-20 20:04:49'),
(121, 1, 1082.00, 0.00, NULL, '2014-08-18 18:01:00'),
(121, 6, 635.00, 664.00, NULL, '2014-08-20 20:11:54'),
(121, 10, 1086.00, 0.00, NULL, '2014-08-24 21:03:28'),
(121, 25, 1085.00, 0.00, NULL, '2014-08-25 19:26:19'),
(121, 33, 785.00, 821.00, NULL, '2014-08-26 17:13:09'),
(122, 1, 323.00, 0.00, NULL, '2014-08-18 18:01:25'),
(122, 6, 154.00, 170.00, NULL, '2014-08-20 20:07:31'),
(122, 10, 324.00, 0.00, NULL, '2014-08-24 21:04:07'),
(122, 25, 324.00, 0.00, NULL, '2014-08-25 19:26:57'),
(123, 6, 1888.00, 1938.00, NULL, '2014-08-20 20:05:15'),
(123, 13, 1918.00, 1970.00, NULL, '2014-08-21 22:07:29'),
(123, 14, 1947.00, 1999.00, NULL, '2014-08-20 19:43:54'),
(124, 6, 908.00, 0.00, NULL, '2014-08-14 23:25:28'),
(124, 13, 691.00, 723.00, NULL, '2014-08-21 22:07:10'),
(125, 6, 573.00, 0.00, NULL, '2014-08-20 20:07:17'),
(125, 9, 302.00, 323.00, NULL, '2014-08-21 22:28:33'),
(125, 14, 302.00, 323.00, NULL, '2014-08-20 19:44:59'),
(128, 1, 954.00, 0.00, NULL, '2014-08-18 17:58:28'),
(128, 10, 958.00, 0.00, NULL, '2014-08-24 21:00:26'),
(128, 25, 957.00, 0.00, NULL, '2014-08-25 19:23:58'),
(129, 1, 485.00, 0.00, NULL, '2014-08-18 18:01:16'),
(129, 10, 487.00, 0.00, NULL, '2014-08-24 21:03:56'),
(129, 25, 487.00, 0.00, NULL, '2014-08-25 19:26:46'),
(129, 33, 299.00, 321.00, NULL, '2014-08-26 17:11:48'),
(130, 1, 407.00, 0.00, NULL, '2014-08-18 18:04:13'),
(130, 2, 237.00, 256.00, NULL, '2014-08-20 17:33:22'),
(130, 10, 408.00, 0.00, NULL, '2014-08-24 21:05:55'),
(130, 25, 408.00, 0.00, NULL, '2014-08-25 19:29:17'),
(131, 1, 155.00, 0.00, NULL, '2014-08-18 18:04:33'),
(131, 10, 156.00, 0.00, NULL, '2014-08-24 21:05:43'),
(131, 25, 156.00, 0.00, NULL, '2014-08-25 19:29:04'),
(131, 33, 57.00, 68.00, NULL, '2014-08-26 17:13:28'),
(133, 2, 0.00, 5800.00, NULL, '2014-08-25 18:14:36'),
(134, 2, 0.00, 2200.00, NULL, '2014-08-25 18:15:15'),
(135, 2, 0.00, 6600.00, NULL, '2014-08-25 18:18:22'),
(135, 20, 0.00, 6600.00, NULL, '2014-08-25 18:40:10'),
(136, 20, 0.00, 9600.00, NULL, '2014-08-25 18:37:59'),
(137, 20, 0.00, 17600.00, NULL, '2014-08-25 18:39:03'),
(138, 33, 0.00, 9100.00, NULL, '2014-08-26 17:08:59'),
(139, 33, 0.00, 8500.00, NULL, '2014-08-26 17:09:46');

-- --------------------------------------------------------

--
-- Table structure for table `roads`
--

CREATE TABLE IF NOT EXISTS `roads` (
  `location_id_from` int(10) unsigned NOT NULL,
  `location_id_to` int(10) unsigned NOT NULL,
  `distance` decimal(10,2) unsigned NOT NULL,
  `trader_id` int(10) unsigned DEFAULT NULL,
  `ts` timestamp NOT NULL DEFAULT CURRENT_TIMESTAMP ON UPDATE CURRENT_TIMESTAMP
) ENGINE=InnoDB DEFAULT CHARSET=utf8 COMMENT='Location - location relations';

--
-- Dumping data for table `roads`
--

INSERT INTO `roads` (`location_id_from`, `location_id_to`, `distance`, `trader_id`, `ts`) VALUES
(1, 2, 5.48, NULL, '0000-00-00 00:00:00'),
(1, 5, 3.53, NULL, '0000-00-00 00:00:00'),
(1, 7, 4.04, NULL, '0000-00-00 00:00:00'),
(1, 8, 6.15, NULL, '0000-00-00 00:00:00'),
(2, 1, 5.48, NULL, '0000-00-00 00:00:00'),
(2, 3, 4.48, NULL, '0000-00-00 00:00:00'),
(2, 4, 5.23, NULL, '0000-00-00 00:00:00'),
(2, 5, 7.75, NULL, '0000-00-00 00:00:00'),
(2, 6, 6.14, NULL, '2014-08-24 20:29:52'),
(2, 7, 99.00, NULL, '0000-00-00 00:00:00'),
(2, 9, 8.24, NULL, '2014-08-24 20:18:20'),
(2, 14, 7.50, NULL, '0000-00-00 00:00:00'),
(3, 2, 4.48, NULL, '0000-00-00 00:00:00'),
(3, 4, 1.00, NULL, '0000-00-00 00:00:00'),
(3, 6, 4.66, NULL, '0000-00-00 00:00:00'),
(4, 2, 5.23, NULL, '0000-00-00 00:00:00'),
(4, 3, 1.00, NULL, '0000-00-00 00:00:00'),
(5, 1, 3.53, NULL, '0000-00-00 00:00:00'),
(5, 2, 7.75, NULL, '0000-00-00 00:00:00'),
(5, 7, 6.97, NULL, '0000-00-00 00:00:00'),
(5, 8, 7.80, NULL, '0000-00-00 00:00:00'),
(5, 10, 6.55, NULL, '0000-00-00 00:00:00'),
(5, 13, 7.16, NULL, '0000-00-00 00:00:00'),
(5, 14, 7.74, NULL, '0000-00-00 00:00:00'),
(5, 15, 9.54, NULL, '0000-00-00 00:00:00'),
(5, 16, 9.60, NULL, '0000-00-00 00:00:00'),
(6, 2, 6.14, NULL, '2014-08-24 20:29:52'),
(6, 3, 4.66, NULL, '0000-00-00 00:00:00'),
(6, 9, 5.12, NULL, '0000-00-00 00:00:00'),
(7, 1, 4.04, NULL, '0000-00-00 00:00:00'),
(7, 2, 99.00, NULL, '0000-00-00 00:00:00'),
(7, 5, 6.97, NULL, '0000-00-00 00:00:00'),
(7, 8, 4.27, NULL, '0000-00-00 00:00:00'),
(8, 1, 6.15, NULL, '0000-00-00 00:00:00'),
(8, 5, 7.80, NULL, '0000-00-00 00:00:00'),
(8, 7, 4.27, NULL, '0000-00-00 00:00:00'),
(8, 10, 10.72, NULL, '2014-08-21 17:04:39'),
(8, 11, 7.73, NULL, '0000-00-00 00:00:00'),
(8, 12, 6.09, NULL, '0000-00-00 00:00:00'),
(8, 17, 9.69, NULL, '2014-08-21 17:07:40'),
(9, 2, 8.24, NULL, '2014-08-24 20:18:19'),
(9, 6, 5.12, NULL, '0000-00-00 00:00:00'),
(9, 13, 6.35, NULL, '2014-08-21 21:49:15'),
(10, 5, 6.55, NULL, '0000-00-00 00:00:00'),
(10, 8, 10.72, NULL, '2014-08-21 17:04:39'),
(10, 16, 5.11, NULL, '2014-08-24 20:53:41'),
(11, 8, 7.73, NULL, '0000-00-00 00:00:00'),
(12, 8, 6.09, NULL, '0000-00-00 00:00:00'),
(12, 17, 99.00, NULL, '2014-08-21 17:07:18'),
(13, 5, 7.16, NULL, '0000-00-00 00:00:00'),
(13, 9, 6.35, NULL, '2014-08-21 21:49:15'),
(13, 18, 5.12, NULL, '2014-08-21 21:50:44'),
(13, 33, 11.73, NULL, '2014-08-28 10:39:48'),
(13, 35, 9.99, NULL, '2014-08-28 10:39:48'),
(14, 2, 7.50, NULL, '0000-00-00 00:00:00'),
(14, 5, 7.74, NULL, '0000-00-00 00:00:00'),
(14, 19, 8.77, NULL, '2014-08-25 18:28:31'),
(14, 28, 9.99, NULL, '2014-08-25 20:05:35'),
(14, 30, 9.99, NULL, '2014-08-25 20:06:28'),
(14, 31, 9.99, NULL, '2014-08-25 20:07:27'),
(15, 5, 9.54, NULL, '0000-00-00 00:00:00'),
(16, 5, 9.60, NULL, '0000-00-00 00:00:00'),
(16, 10, 5.11, NULL, '2014-08-24 20:53:41'),
(16, 33, 6.16, NULL, '2014-08-28 10:39:48'),
(16, 34, 9.99, NULL, '2014-08-28 10:39:48'),
(16, 35, 9.99, NULL, '2014-08-28 10:39:48'),
(17, 8, 9.69, NULL, '2014-08-21 17:07:40'),
(17, 12, 99.00, NULL, '2014-08-21 17:07:18'),
(18, 13, 5.12, NULL, '2014-08-21 21:50:44'),
(19, 14, 8.77, NULL, '2014-08-25 18:28:31'),
(19, 20, 8.15, NULL, '2014-08-25 18:30:03'),
(19, 21, 8.64, NULL, '2014-08-25 19:47:06'),
(19, 28, 9.99, NULL, '2014-08-25 20:04:47'),
(19, 29, 9.99, NULL, '2014-08-25 20:05:08'),
(20, 19, 8.15, NULL, '2014-08-25 18:30:03'),
(20, 21, 3.55, NULL, '2014-08-25 18:52:03'),
(20, 22, 8.85, NULL, '2014-08-25 18:52:24'),
(20, 23, 6.11, NULL, '2014-08-25 18:52:51'),
(20, 24, 6.22, NULL, '2014-08-25 18:53:13'),
(20, 25, 8.52, NULL, '2014-08-25 18:53:36'),
(21, 19, 8.64, NULL, '2014-08-25 19:47:06'),
(21, 20, 3.55, NULL, '2014-08-25 18:52:03'),
(21, 22, 7.13, NULL, '2014-08-25 19:43:50'),
(21, 23, 7.03, NULL, '2014-08-25 19:06:32'),
(21, 24, 7.04, NULL, '2014-08-25 19:43:50'),
(21, 25, 6.85, NULL, '2014-08-25 19:09:56'),
(22, 20, 8.85, NULL, '2014-08-25 18:52:24'),
(22, 21, 7.13, NULL, '2014-08-25 19:43:50'),
(23, 20, 6.11, NULL, '2014-08-25 18:52:51'),
(23, 21, 7.03, NULL, '2014-08-25 19:06:32'),
(23, 24, 0.33, NULL, '2014-08-25 19:05:37'),
(23, 25, 6.02, NULL, '2014-08-25 19:09:41'),
(23, 27, 7.43, NULL, '2014-08-25 19:05:54'),
(24, 20, 6.22, NULL, '2014-08-25 18:53:13'),
(24, 21, 7.04, NULL, '2014-08-25 19:43:50'),
(24, 23, 0.33, NULL, '2014-08-25 19:05:37'),
(24, 25, 5.74, NULL, '2014-08-25 19:09:12'),
(24, 27, 9.99, NULL, '2014-08-25 18:56:26'),
(25, 20, 8.52, NULL, '2014-08-25 18:53:36'),
(25, 21, 6.85, NULL, '2014-08-25 19:09:56'),
(25, 23, 6.02, NULL, '2014-08-25 19:09:41'),
(25, 24, 5.74, NULL, '2014-08-25 19:09:12'),
(25, 27, 7.48, NULL, '2014-08-25 19:10:09'),
(27, 23, 7.43, NULL, '2014-08-25 19:05:54'),
(27, 24, 9.99, NULL, '2014-08-25 18:56:26'),
(27, 25, 7.48, NULL, '2014-08-25 19:10:09'),
(28, 14, 9.99, NULL, '2014-08-25 20:05:35'),
(28, 19, 9.99, NULL, '2014-08-25 20:04:47'),
(28, 30, 9.99, NULL, '2014-08-25 20:06:07'),
(28, 31, 9.99, NULL, '2014-08-25 20:07:16'),
(28, 32, 9.99, NULL, '2014-08-25 20:07:58'),
(29, 19, 9.99, NULL, '2014-08-25 20:05:08'),
(30, 14, 9.99, NULL, '2014-08-25 20:06:27'),
(30, 28, 9.99, NULL, '2014-08-25 20:06:07'),
(30, 31, 9.99, NULL, '2014-08-25 20:07:01'),
(30, 32, 9.99, NULL, '2014-08-25 20:08:18'),
(31, 14, 9.99, NULL, '2014-08-25 20:07:27'),
(31, 28, 9.99, NULL, '2014-08-25 20:07:16'),
(31, 30, 9.99, NULL, '2014-08-25 20:07:01'),
(31, 32, 9.99, NULL, '2014-08-25 20:07:45'),
(32, 28, 9.99, NULL, '2014-08-25 20:07:58'),
(32, 30, 9.99, NULL, '2014-08-25 20:08:18'),
(32, 31, 9.99, NULL, '2014-08-25 20:07:45'),
(33, 13, 11.73, NULL, '2014-08-28 10:39:48'),
(33, 16, 6.16, NULL, '2014-08-28 10:39:48'),
(33, 34, 4.00, NULL, '2014-08-28 10:39:48'),
(34, 16, 9.99, NULL, '2014-08-28 10:39:48'),
(34, 33, 4.00, NULL, '2014-08-28 10:39:48'),
(34, 35, 9.99, NULL, '2014-08-28 10:39:48'),
(35, 13, 9.99, NULL, '2014-08-28 10:39:48'),
(35, 16, 9.99, NULL, '2014-08-28 10:39:48'),
(35, 34, 9.99, NULL, '2014-08-28 10:39:48');

-- --------------------------------------------------------

--
-- Table structure for table `traders`
--

CREATE TABLE IF NOT EXISTS `traders` (
`id` int(10) unsigned NOT NULL,
  `name` varchar(255) NOT NULL,
  `email` varchar(255) NOT NULL,
  `pwd` varchar(255) NOT NULL,
  `hops` int(10) unsigned DEFAULT NULL,
  `distance_max` decimal(10,2) unsigned DEFAULT NULL,
  `location_id` int(10) unsigned DEFAULT NULL,
  `craft_id` int(10) unsigned DEFAULT NULL,
  `is_editor` tinyint(1) DEFAULT '1',
  `ts` timestamp NOT NULL DEFAULT CURRENT_TIMESTAMP ON UPDATE CURRENT_TIMESTAMP
) ENGINE=InnoDB  DEFAULT CHARSET=utf8 AUTO_INCREMENT=2 ;

--
-- Indexes for dumped tables
--

--
-- Indexes for table `craft`
--
ALTER TABLE `craft`
 ADD PRIMARY KEY (`id`), ADD UNIQUE KEY `name` (`name`), ADD KEY `trader_id` (`trader_id`);

--
-- Indexes for table `craft_locations`
--
ALTER TABLE `craft_locations`
 ADD UNIQUE KEY `craft_id` (`craft_id`,`location_id`), ADD KEY `location_id` (`location_id`);

--
-- Indexes for table `craft_traders`
--
ALTER TABLE `craft_traders`
 ADD UNIQUE KEY `craft_id` (`craft_id`,`trader_id`), ADD KEY `trader_id` (`trader_id`);

--
-- Indexes for table `goods`
--
ALTER TABLE `goods`
 ADD PRIMARY KEY (`id`), ADD KEY `trader_id` (`trader_id`);

--
-- Indexes for table `locations`
--
ALTER TABLE `locations`
 ADD PRIMARY KEY (`id`), ADD KEY `trader_id` (`trader_id`);

--
-- Indexes for table `prices`
--
ALTER TABLE `prices`
 ADD UNIQUE KEY `good_location` (`good_id`,`location_id`), ADD KEY `location` (`location_id`), ADD KEY `good` (`good_id`), ADD KEY `trader_id` (`trader_id`);

--
-- Indexes for table `roads`
--
ALTER TABLE `roads`
 ADD UNIQUE KEY `location_id_from_to` (`location_id_from`,`location_id_to`), ADD KEY `locations_to` (`location_id_to`), ADD KEY `trader_id` (`trader_id`);

--
-- Indexes for table `traders`
--
ALTER TABLE `traders`
 ADD PRIMARY KEY (`id`), ADD UNIQUE KEY `name` (`name`), ADD KEY `email` (`email`,`pwd`), ADD KEY `craft_id` (`craft_id`), ADD KEY `location_id` (`location_id`);

--
-- AUTO_INCREMENT for dumped tables
--

--
-- AUTO_INCREMENT for table `craft`
--
ALTER TABLE `craft`
MODIFY `id` int(11) unsigned NOT NULL AUTO_INCREMENT,AUTO_INCREMENT=8;
--
-- AUTO_INCREMENT for table `goods`
--
ALTER TABLE `goods`
MODIFY `id` int(11) unsigned NOT NULL AUTO_INCREMENT,AUTO_INCREMENT=140;
--
-- AUTO_INCREMENT for table `locations`
--
ALTER TABLE `locations`
MODIFY `id` int(10) unsigned NOT NULL AUTO_INCREMENT,AUTO_INCREMENT=36;
--
-- AUTO_INCREMENT for table `traders`
--
ALTER TABLE `traders`
MODIFY `id` int(10) unsigned NOT NULL AUTO_INCREMENT,AUTO_INCREMENT=2;
--
-- Constraints for dumped tables
--

--
-- Constraints for table `craft`
--
ALTER TABLE `craft`
ADD CONSTRAINT `craft_ibfk_1` FOREIGN KEY (`trader_id`) REFERENCES `traders` (`id`) ON DELETE SET NULL ON UPDATE CASCADE;

--
-- Constraints for table `craft_locations`
--
ALTER TABLE `craft_locations`
ADD CONSTRAINT `craft_locations_ibfk_2` FOREIGN KEY (`craft_id`) REFERENCES `craft` (`id`) ON DELETE CASCADE ON UPDATE CASCADE,
ADD CONSTRAINT `craft_locations_ibfk_1` FOREIGN KEY (`location_id`) REFERENCES `locations` (`id`) ON DELETE CASCADE ON UPDATE CASCADE;

--
-- Constraints for table `craft_traders`
--
ALTER TABLE `craft_traders`
ADD CONSTRAINT `craft_traders_ibfk_2` FOREIGN KEY (`craft_id`) REFERENCES `craft` (`id`) ON DELETE CASCADE ON UPDATE CASCADE,
ADD CONSTRAINT `craft_traders_ibfk_1` FOREIGN KEY (`trader_id`) REFERENCES `traders` (`id`) ON DELETE CASCADE ON UPDATE CASCADE;

--
-- Constraints for table `goods`
--
ALTER TABLE `goods`
ADD CONSTRAINT `goods_ibfk_1` FOREIGN KEY (`trader_id`) REFERENCES `traders` (`id`) ON DELETE SET NULL ON UPDATE CASCADE;

--
-- Constraints for table `locations`
--
ALTER TABLE `locations`
ADD CONSTRAINT `locations_ibfk_1` FOREIGN KEY (`trader_id`) REFERENCES `traders` (`id`) ON DELETE SET NULL ON UPDATE CASCADE;

--
-- Constraints for table `prices`
--
ALTER TABLE `prices`
ADD CONSTRAINT `goods` FOREIGN KEY (`good_id`) REFERENCES `goods` (`id`) ON DELETE CASCADE ON UPDATE CASCADE,
ADD CONSTRAINT `locations` FOREIGN KEY (`location_id`) REFERENCES `locations` (`id`) ON DELETE CASCADE ON UPDATE CASCADE,
ADD CONSTRAINT `prices_ibfk_1` FOREIGN KEY (`trader_id`) REFERENCES `traders` (`id`) ON DELETE SET NULL ON UPDATE CASCADE;

--
-- Constraints for table `roads`
--
ALTER TABLE `roads`
ADD CONSTRAINT `roads_ibfk_1` FOREIGN KEY (`trader_id`) REFERENCES `traders` (`id`) ON DELETE SET NULL ON UPDATE CASCADE,
ADD CONSTRAINT `locations_to` FOREIGN KEY (`location_id_to`) REFERENCES `locations` (`id`) ON DELETE CASCADE,
ADD CONSTRAINT `location_from` FOREIGN KEY (`location_id_from`) REFERENCES `locations` (`id`) ON DELETE CASCADE;

--
-- Constraints for table `traders`
--
ALTER TABLE `traders`
ADD CONSTRAINT `traders_ibfk_2` FOREIGN KEY (`craft_id`) REFERENCES `craft` (`id`) ON DELETE SET NULL ON UPDATE CASCADE,
ADD CONSTRAINT `traders_ibfk_1` FOREIGN KEY (`location_id`) REFERENCES `locations` (`id`) ON DELETE SET NULL ON UPDATE CASCADE;

/*!40101 SET CHARACTER_SET_CLIENT=@OLD_CHARACTER_SET_CLIENT */;
/*!40101 SET CHARACTER_SET_RESULTS=@OLD_CHARACTER_SET_RESULTS */;
/*!40101 SET COLLATION_CONNECTION=@OLD_COLLATION_CONNECTION */;
